"Name","Country_id"
"Stefano",NA
"Alexander",NA
"Daniel",NA
"Christina",NA
"Laurie",NA
"Robert",NA
"Daniel",NA
"Julia",NA
"Danielle",NA
"H.",NA
"Sindhumathi","US"
"Seth",NA
"David","US"
"James","AU"
"Don",NA
"Anna",NA
"David",NA
"Robert","GB"
"Jennifer",NA
"Gavin",NA
"Theodor",NA
"Yves","FR"
"Thomas","FR"
"Christopher","FR"
"James",NA
"Alexander",NA
"William",NA
"Andrew",NA
"Katharine",NA
"Natasha",NA
"Patrick",NA
"Pierpaolo","US"
"Kay",NA
"William","US"
"Nadine","US"
"Aaron",NA
"Bryan",NA
"Carolyn","US"
"Tim","US"
"Lloyd","CA"
"Nicholas",NA
"Judith","US"
"Lawrence",NA
"Suzanne",NA
"Mark",NA
"Lydia",NA
"L.",NA
"Melina","US"
"Holly",NA
"Maureen","US"
"Klára",NA
"Geoffrey",NA
"Judy",NA
"Marco",NA
"Judith",NA
"Blake",NA
"Stephen","US"
"Victor",NA
"W.",NA
"Mary",NA
"David","CA"
"Clare",NA
"Michael","US"
"Claudio",NA
"Samuel",NA
"Benjamin",NA
"Von",NA
"Julia","US"
"Mark","US"
"Pauline",NA
"Francesca",NA
"Craig",NA
"Jason",NA
"Jacqueline","US"
"Kai",NA
"Klára",NA
"Ronit",NA
"Steven",NA
"Peter",NA
"Stephan","US"
"Gayle",NA
"Anna",NA
"Benjamin","US"
"Joel",NA
"Peter","US"
"Mitchell","US"
"Charles",NA
"Carol",NA
"Michael",NA
"Brian",NA
"Cheryll",NA
"David",NA
"Daniel",NA
"Rebecca","US"
"Aaron",NA
"Suzanne","US"
"Georgia",NA
"John",NA
"Michael",NA
"Roger",NA
"Rhae",NA
"Glenda",NA
"Emma","GB"
"Arved",NA
"Zhuqing",NA
"James","US"
"David","US"
"Kristina",NA
"David",NA
"J.",NA
"Olivia",NA
"Hyun",NA
"Hannah",NA
"Francesca",NA
"James",NA
"Emily",NA
"Nancy",NA
"Jessica",NA
"Mark",NA
"Nicole",NA
"Helmut",NA
"Christy",NA
"Russell",NA
"Matthew",NA
"Daniel",NA
"Kevin",NA
"Elaine",NA
"Diane",NA
"Andrew",NA
"Catherine",NA
"Maria",NA
"Jillian",NA
"Daniel",NA
"Alison",NA
"Jacob",NA
"Nana",NA
"Maia",NA
"Peter",NA
"Emily",NA
"Giada",NA
"Alejandro",NA
"Gabrielle",NA
"Stephanie",NA
"Steven",NA
"Inge",NA
"Katherine",NA
"Carmel",NA
"Noel",NA
"Stephanie",NA
"Roger",NA
"Jonathan",NA
"Louis",NA
"Maeve",NA
"Stephen","GB"
"Pauline",NA
"Ben","GB"
"Laura",NA
"Jeffrey","US"
"Alberto",NA
"Andreas",NA
"Alexandra",NA
"James",NA
"Janette",NA
"Roger",NA
"Jonathan",NA
"Anthony",NA
"Jonathan",NA
"Rachel",NA
"Stephanie","GB"
"Christopher","GB"
"Roger",NA
"Rita",NA
"Frederick",NA
"James",NA
"Elissa",NA
"Michael",NA
"J.",NA
"K.",NA
"Kerry",NA
"Elaine",NA
"Jeanice","GB"
"Mark",NA
"Christopher",NA
"Steven",NA
"Regula",NA
"François",NA
"Elizabeth",NA
"Yolanda",NA
"Wendy",NA
"Jonathan",NA
"Anthony",NA
"David","HK"
"Nicholas",NA
"Donald",NA
"Sarah",NA
"Marcia",NA
"Joseph",NA
"Renata","GB"
"Richard",NA
"Rogério",NA
"John",NA
"David",NA
"Nancy",NA
"Rachel",NA
"Stephanie","GB"
"Mark","US"
"Oliver",NA
"Bryan","GB"
"Graham","CA"
"Donna",NA
"Pauline",NA
"Nicholas",NA
"Alastair",NA
"Kerry",NA
"Marco",NA
"Oliver",NA
"Robert",NA
"Sarah",NA
"Gavin",NA
"Candace",NA
"Matthew","US"
"Ross",NA
"Shersten",NA
"Matthew",NA
"Mark",NA
"Simon",NA
"Nicholas",NA
"K.","US"
"Stephen",NA
"Barry",NA
"Brian",NA
"John",NA
"Don",NA
"George",NA
"Daniel",NA
"James",NA
"Roger",NA
"Rob",NA
"C.",NA
"Rupert",NA
"Mark","GB"
"Suzanne",NA
"Mary",NA
"Rachel",NA
"Craig","US"
"Helen",NA
"Michael","GB"
"John",NA
"Derek",NA
"Keith","GB"
"Warwick",NA
"Fiona",NA
"Mark",NA
"Caroline",NA
"Ellen",NA
"Massimo","IN"
"Tsung-Han","US"
"Mikhail","DE"
"Benedict",NA
"William","DE"
"Laur","IE"
"Katherine","GB"
"Drew","US"
"Geoffrey","GB"
"Thomas","BE"
"Yoel","IL"
"Marianne","SE"
"Francesca","GB"
"Oliver","GB"
"Blake","US"
"Patrick","GB"
"Cheong","HK"
"Gregory","IN"
"Rebecca","US"
"James","GB"
"Matthew","US"
"Peter","GB"
"Seth","US"
"Ross","US"
"Elisabeth","US"
"Carlo","GB"
"Keri","HK"
"Tim","GB"
"Austin","GB"
"Sarah",NA
"Keith",NA
"Fabio","CA"
"Daniel","GB"
"John","GB"
"Erika","US"
"Ferran","ES"
"Tess","ES"
"Robert","US"
"Fiona","IE"
"James","GB"
"Amanda",NA
"Bryan","GB"
"Jacob","US"
"Philip",NA
"Nicholas","GB"
"Catherine","GB"
"Vincent","US"
"Andrew","US"
"Shaena","GB"
"Sean","IE"
"Eva","CA"
"Erinn","US"
"Sarah","AU"
"Floris","NL"
"Christopher","GB"
"Robert","US"
"Melinda","US"
"Marc","AT"
"Jon","GB"
"Stefan","GB"
"Amanda","GB"
"John","GB"
"Patrick",NA
"Dan","IL"
"David","GB"
"Stefanie","BE"
"David",NA
"Martin","US"
"Keith","GB"
"Maria","IT"
"Catherine","GB"
"Ellen",NA
"Donald","GB"
"Mary","US"
"Thomas","GB"
"Ilias","US"
"Heike","DE"
"Steffen","GB"
"Wieland","AT"
"Joseph","US"
"Rebecca","US"
"Barbara","GB"
"Georgina","GB"
"Eric","GB"
"Mark","GB"
"Liza","GB"
"Nicholas","BE"
"Michael","GB"
"Andrea","US"
"Florian","GB"
"Thomas","US"
"Ascensión","ES"
"Delphine","GB"
"Scott","US"
"John","AU"
"Leah","GB"
"Sam","GB"
"Michael","GB"
"J.","AU"
"Tess","ES"
"Matthias","GB"
"Julia","GB"
"Neil","NL"
"Joys","HK"
"Stephen","GB"
"Meghan","SE"
"Kirill","RU"
"Joseph","GB"
"Reuben","GB"
"Jos",NA
"Matthew","GB"
"Paul","BE"
"David","GB"
"James","BE"
"Nicholas","GB"
"Melissa","ZA"
"Kirsten","GB"
"Roz","GB"
"Adam","GB"
"Emily","GB"
"Donald","GB"
"Cheryll","GB"
"James","GB"
"Alana","US"
"Maurice","IT"
"Eleanor","GB"
"Andrew","PT"
"Michele","US"
"Alberto","GB"
"Elzbieta","PL"
"Jillian","IN"
"Abigail","US"
"Jennifer","AU"
"H.","GB"
"Jemima","AU"
"Edwin","HK"
"Esther","GE"
"Paul","AU"
"Jennifer","US"
"David","NL"
"Leendert","IT"
"By","SE"
"Maria","GB"
"Rebecca","GB"
"Kenneth","GB"
"Danielle","GB"
"Benjamin","US"
"Leah","AT"
"Clare","US"
"Ángela","ES"
"Luca","ES"
"Daniel","GB"
"Rosemary","GB"
"Asier","ES"
"Silvio","US"
"Andrew",NA
"Robert",NA
"Paul",NA
"Alice","US"
"Marjorie",NA
"Joshua",NA
"Rob",NA
"Ruth",NA
"John",NA
"John","GB"
"Ellen",NA
"Jane",NA
"Deborah",NA
"Alejandro","US"
"Amanda",NA
"David",NA
"Olivia","US"
"Paula",NA
"Arved",NA
"Robert","GB"
"Ralph",NA
"David",NA
"David","US"
"Jason",NA
"Amy",NA
"Simon",NA
"Nelly",NA
"Stefanie",NA
"Stephen","US"
"Margaret",NA
"Benjamin","US"
"Nathan","US"
"Marcia",NA
"Olga",NA
"Dana","US"
"Todd","US"
"Silvio",NA
"David",NA
"Su","HK"
"John",NA
"David","US"
"Jess","US"
"Karol",NA
"Beth",NA
"Christoph",NA
"Margaret","US"
"Rebecca",NA
"Joseph",NA
"Michele","US"
"Bruce",NA
"Blake",NA
"Sean",NA
"Daniel",NA
"Robert","US"
"Joseph",NA
"Beverly","US"
"Lawrence",NA
"Christopher","US"
"Rebecca",NA
"Mark",NA
"W.","US"
"Gregory",NA
"David",NA
"Phil","IN"
"Marcus","IE"
"Robin",NA
"Leeman",NA
"L.",NA
"Peter","US"
"Thomas",NA
"Elizabeth",NA
"Stefano",NA
"Valeria","GB"
"Stephanie",NA
"Don","IN"
"Jeannie",NA
"David",NA
"Walter","US"
"Peter","US"
"Elizabeth",NA
"Jeffrey",NA
"Carla","FR"
"Catherine",NA
"David",NA
"Lisa","US"
"Michael",NA
"Michael",NA
"Sean","US"
"David","BE"
"Blake","US"
"Giovanni","IN"
"Jonathan",NA
"Danuta",NA
"Charles","US"
"Marianne",NA
"Julie","CA"
"Emma",NA
"Richard","US"
"Rachel",NA
"Peter",NA
"Jesse",NA
"Claudia",NA
"Matthew","US"
"Kailan",NA
"Monica",NA
"Don",NA
"Uri",NA
"Michael","US"
"Blake",NA
"Gabrielle",NA
"Rachel",NA
"David",NA
"Jordan",NA
"Lesley",NA
"Alan",NA
"Walter","US"
"James",NA
"Judith",NA
"Michele",NA
"Vladimir",NA
"Catherine","US"
"Simon","US"
"Karol",NA
"Yoel","IL"
"Paul",NA
"Henry",NA
"Nate",NA
"Jessica",NA
"Christopher","US"
"Donald","US"
"Anthony",NA
"Michael",NA
"Andrew",NA
"Joseph",NA
"Fanny",NA
"Eva","GB"
"David",NA
"Erika",NA
"Lasse",NA
"Christopher","US"
"Hilary",NA
"John","US"
"Keri",NA
"Anna","US"
"Jason","AU"
"David","US"
"Mary",NA
"Anthony","US"
"Rebecca",NA
"Minji",NA
"Susan","US"
"Jacomien",NA
"Gina",NA
"James",NA
"Miki",NA
"Benjamin",NA
"Marianne",NA
"Benjamin",NA
"Andreas",NA
"Emily",NA
"Joseph",NA
"Hedy",NA
"Olivia",NA
"Jessica",NA
"Alexandria",NA
"Parkorn",NA
"Pablo",NA
"Daniel",NA
"Andrea",NA
"Catherine","FR"
"Richard",NA
"Tom",NA
"Christopher",NA
"Richard",NA
"Philip",NA
"Peter",NA
"Peter",NA
"Aurèlia",NA
"David",NA
"John",NA
"Rachel",NA
"Mary",NA
"Philippa",NA
"Peng",NA
"Nicole",NA
"Stephanus",NA
"Jeffrey",NA
"Julia",NA
"Daniel","HK"
"Thomas","GB"
"Sam",NA
"Leah",NA
"Martin",NA
"Gideon",NA
"Barbara",NA
"Bret",NA
"Vera",NA
"Clara",NA
"Anthony",NA
"J.",NA
"Rose",NA
"Anna",NA
"Thomas",NA
"Truman",NA
"Evan",NA
"James","US"
"Pauline",NA
"Michael",NA
"Emily",NA
"William",NA
"Nicholas",NA
"Samantha",NA
"Samuel",NA
"Katharine",NA
"Thomas",NA
"Pascal",NA
"Rebecca",NA
"Thokozani",NA
"Ariana",NA
"Alexander",NA
"Melanie",NA
"James",NA
"Virginia",NA
"August",NA
"Devon",NA
"Peter",NA
"Danielle",NA
"Barbara",NA
"Paul",NA
"Kyle",NA
"Henry",NA
"Allan","US"
"Roberta","US"
"Marcia","US"
"Anastasia","GR"
"Keith","NZ"
"Steven","CA"
"Ingrid","GB"
"Martin","GB"
"Adrian",NA
"Maiko","US"
"Kerry","AU"
"Kerry","AU"
"Margaret","DK"
"Charles",NA
"Natasha","GB"
"Katherine","US"
"Jeremy","GB"
"Kerry","AU"
"Jennifer","AU"
"Suzanne","GB"
"Suzanne","AU"
"Julie","US"
"Ian","GB"
"Steven",NA
"Derek","GB"
"Jeremy","GB"
"Nancy","US"
"John","GB"
"Benedict","DE"
"Thomas","GB"
"Daniel","HK"
"Marianna","US"
"Matthew",NA
"Michael","US"
"Jennifer","AU"
"Mathew","GB"
"Kostas","US"
"Xavier","FR"
"Jennifer","CA"
"Marcia","US"
"Andrew","IE"
"Denise","US"
"Patrick","US"
"Stella","US"
"E.","US"
"Anastasia","US"
"Susanna",NA
"James","CA"
"R.","US"
"Marian","US"
"Katherine","US"
"Julian","GB"
"Ryan","GB"
"David","CA"
"Hans","US"
"Francesco","GB"
"Brian","US"
"Don","CA"
"Ralph","US"
"Kevin","GB"
"Cormac","GB"
"Susan","GB"
"Beatrix","AT"
"Cornelia","DE"
"Ralph","US"
"Thérèse","AU"
"John","US"
"Donald","US"
"Denise",NA
"Catrina","CA"
"Inge","NZ"
"Susan","US"
"Sylvie","FR"
"John","GB"
"James","CA"
"Andrew","US"
"Graham","US"
"Andreas","US"
"Alan","NZ"
"Peter","GB"
"Catherine","GB"
"James","US"
"Susan","FR"
"Alexandra","GB"
"Robert","IN"
"Philip","US"
"James","US"
"Aaron","US"
"Rosemary","GB"
"Katy",NA
"Maria",NA
"Bennett","GB"
"Bennett","GB"
"Jeremy","GB"
"Jonathan","GB"
"Allan","US"
"Byron",NA
"Susan","GB"
"Robert","US"
"Tobias","SE"
"Janice","AU"
"Christina","US"
"Emma","GB"
"Brianna",NA
"Robert",NA
"Mark","US"
"David","US"
"Dan",NA
"Nancy",NA
"Robin",NA
"Marie","ZA"
"Steven",NA
"Richard",NA
"Timothy","US"
"Benedict","GB"
"Helen","GB"
"Peter",NA
"Kelly",NA
"William",NA
"Susan","GB"
"Michael","US"
"Richard","US"
"Naomi",NA
"Sarah","GB"
"Stephen",NA
"Matthew",NA
"Claudio",NA
"Dragana",NA
"Aleksandar",NA
"Kiku","DK"
"Rosemary","GB"
"Erin","US"
"Anna","AU"
"Noel","US"
"Brian",NA
"Robert",NA
"Alexandra","US"
"Haiganuş","AT"
"Benjamin",NA
"Matthew","US"
"Laurie",NA
"Denise","AU"
"Margaret",NA
"Don",NA
"Yasuko","JP"
"Jacquelyn",NA
"Carmel",NA
"David",NA
"Douglas","AU"
"David","GB"
"Mine","GB"
"Sean",NA
"Peter","GB"
"Laura",NA
"Gabriela","PT"
"Daniel","GB"
"Erik","NO"
"Elizabeth",NA
"Douglas",NA
"Stephen",NA
"J.","GB"
"Susan","US"
"Damien",NA
"Ralph",NA
"Emily",NA
"Peter",NA
"Sarah","AU"
"David",NA
"Sherry",NA
"Ena","JP"
"Gavin",NA
"Hermann","DE"
"Briony","GB"
"Christopher",NA
"Martin","GB"
"Emily","GB"
"Michel","GB"
"Lynn",NA
"Mary","US"
"Kirill",NA
"Brent",NA
"Valentina","US"
"Joanne",NA
"Tim",NA
"Marten","GB"
"Jacek",NA
"Jessie",NA
"Paul","AU"
"Trevor","GB"
"Mine","GB"
"Steven","CA"
"Joanne","GB"
"Ryan",NA
"Mark",NA
"Michelle",NA
"Paul",NA
"Sarah",NA
"George","GB"
"Simon",NA
"Howard","US"
"Matthew",NA
"Harald","CA"
"Rufus",NA
"David",NA
"Mary",NA
"Holly","US"
"Jeremy",NA
"Francesco","GB"
"Richard","US"
"Ralph","US"
"April","US"
"Julia","NL"
"Justin","US"
"Susan",NA
"Joanna","US"
"Lindsay",NA
"Marijana","RS"
"Emily",NA
"Tekla",NA
"Daniele","IT"
"Robert","US"
"Katharina","US"
"Roberta","US"
"Adeline",NA
"Sarah","US"
"Ditlev","GB"
"Genevieve",NA
"Cheng",NA
"Samuel","PA"
"Ryan","US"
"Evan","US"
"Eva","CA"
"Reuben",NA
"Ellen","CA"
"Peter","US"
"Francesca","US"
"Katelyn","CA"
"R.","US"
"Marco","GB"
"Michelle","GB"
"Alexander",NA
"Ji-Young",NA
"Maria","GB"
"Ditlev",NA
"Erin","US"
"Steven","CA"
"James","US"
"Jamie","CA"
"Fabio",NA
"Emily",NA
"Andrea","IT"
"Amanda","CA"
"Marianne",NA
"Lauri","FI"
"Julie",NA
"Simon",NA
"Ralph",NA
"Heather","US"
"Elizabeth","US"
"Tekla",NA
"Christopher","US"
"Peter",NA
"William","GB"
"Christopher","CA"
"Estelle","CA"
"Nicole","US"
"Kirill",NA
"Lawrence",NA
"Berthold",NA
"Jos","GB"
"Tamsin","GB"
"Rutger","NL"
"Jonathan","US"
"Cole",NA
"Suzanne","AU"
"Jillian","IN"
"Theodor","RO"
"Candida","IT"
"Hamish",NA
"Vera","AR"
"Robert","US"
"Sonja",NA
"Jessie",NA
"Philip","CA"
"Emilio",NA
"Sam","DE"
"Dorian",NA
"Morteza",NA
"João",NA
"Rutger","NL"
"Christian","GB"
"Ralph","US"
"Jacob",NA
"Erin","GB"
"Dylan",NA
"Dan","IL"
"David","AU"
"Tamsin","GB"
"Mike",NA
"Tommaso",NA
"Mark","US"
"Kate","GB"
"Anirban","IN"
"Sio","GB"
"Bruno","GB"
"Lawrence",NA
"Anna","IT"
"Andrew",NA
"Axel",NA
"Zachary",NA
"Robert",NA
"Naphtali",NA
"John",NA
"Michael",NA
"Robert",NA
"Paul",NA
"Michael",NA
"Frank","US"
"Sami","US"
"David",NA
"Matthew","US"
"Elizabeth",NA
"Stephen",NA
"L.",NA
"Julian",NA
"Daniel",NA
"Michael",NA
"Yonatan",NA
"Alan","CA"
"Adam",NA
"Kevin",NA
"Rob",NA
"Richard",NA
"C.","US"
"Nicholas","US"
"Joseph",NA
"Joseph",NA
"Jonathan",NA
"Benedict",NA
"Stephen","US"
"Edward",NA
"John",NA
"Daniel",NA
"Dmitri",NA
"Stefania",NA
"Andrew",NA
"Samuel",NA
"Eytan","IL"
"Nancy",NA
"Dmitri",NA
"Roger","US"
"Joseph","US"
"Jairo",NA
"Lynne",NA
"Marion",NA
"Peter","US"
"Robert",NA
"Chitravina",NA
"Matthew",NA
"Inessa","US"
"Robert",NA
"Brett","US"
"Dora",NA
"Andrew",NA
"Stephen",NA
"David",NA
"Jeffrey",NA
"Stephen",NA
"Graham",NA
"Mark","CA"
"Peter","US"
"Seth","US"
"Scott",NA
"David",NA
"Ann",NA
"Alexander",NA
"Jeannie",NA
"Blair","IN"
"Elizabeth",NA
"Mark",NA
"Edward",NA
"Richard",NA
"Dmitri",NA
"Kofi",NA
"Judy",NA
"Ryan",NA
"Dora",NA
"Peter",NA
"Jocelyn",NA
"Elizabeth","GB"
"Leon",NA
"Michael",NA
"David",NA
"Brian","US"
"Graham",NA
"Pieter",NA
"Jeffrey","US"
"Matthew",NA
"Ian",NA
"Maryam",NA
"Arnold",NA
"Austin",NA
"Nicole","US"
"Catherine",NA
"Stephen","US"
"Jeremy",NA
"Alfred",NA
"Jeremy",NA
"David",NA
"Jonathan",NA
"Marianne",NA
"Stefan","US"
"L.",NA
"Richard",NA
"Brad","US"
"Clare","US"
"Steven","CA"
"Alexander",NA
"Stephen",NA
"Peter","US"
"Joseph",NA
"Steve",NA
"Caleb",NA
"Mark",NA
"Brent",NA
"Ram",NA
"Christopher","US"
"Ian","US"
"Sebastiano","IN"
"Naomi","US"
"Andrew",NA
"Alan",NA
"Ellie",NA
"Johanna","IN"
"Nancy",NA
"Matthew",NA
"Trevor","US"
"Benjamin",NA
"James","US"
"Ragnhild",NA
"Bjørnar",NA
"Jon",NA
"Anne",NA
"Scott",NA
"André",NA
"Ben",NA
"Gavin",NA
"James",NA
"Xieyi",NA
"Kyle",NA
"Kara",NA
"Philip",NA
"Ruth",NA
"Daniel","US"
"Jenine",NA
"Peter",NA
"Gilad",NA
"Peter","US"
"Pieter",NA
"Joseph","CA"
"Janet","US"
"Alexandra",NA
"Paul",NA
"Cristóbal",NA
"David",NA
"Rebecca",NA
"Tyler",NA
"Guy",NA
"Jonathan","US"
"Patricia","US"
"Kyle","IN"
"Elizabeth",NA
"Eric","US"
"Stephen",NA
"Giacomo","US"
"Joseph","US"
"Eytan",NA
"Ian",NA
"Anne",NA
"David",NA
"Allen",NA
"David",NA
"Karen","US"
"Drew",NA
"Ben","US"
"David","IE"
"Nick","IE"
"Stefan","IE"
"Christopher",NA
"Henry",NA
"Omer",NA
"Yoel",NA
"Yayoi",NA
"Jason",NA
"Keith",NA
"Miguel",NA
"Nathaniel",NA
"William",NA
"Andrew","US"
"Amin","IR"
"Aaron",NA
"Jason","US"
"Stephen","US"
"Yi-Cheng","CN"
"Megan",NA
"Brian","US"
"John","US"
"Jessica",NA
"Philip",NA
"Jennifer",NA
"Michael",NA
"Damian",NA
"Áine","AT"
"Michael",NA
"Jeffrey",NA
"Benjamin",NA
"Simon",NA
"Lauri",NA
"Olga",NA
"Scott",NA
"Matthew","US"
"Carmel",NA
"Kenneth",NA
"Daphne",NA
"Julian",NA
"Brian","US"
"Jonathan",NA
"Benjamin",NA
"Toru",NA
"Anne",NA
"Mats",NA
"Chris",NA
"Daphne",NA
"James",NA
"Sam",NA
"J.",NA
"Richard",NA
"Peter",NA
"Leah",NA
"Megan",NA
"Nathan",NA
"Ulrich",NA
"Damian",NA
"Oǧuz",NA
"Catrina",NA
"Stephen",NA
"Miriam",NA
"Lydia",NA
"Maxwell",NA
"Benedict",NA
"Clifton",NA
"Matthew",NA
"Harald",NA
"John",NA
"Ryan",NA
"Megan",NA
"Laurence",NA
"Mitchell",NA
"Richard",NA
"Julianne",NA
"Wing",NA
"Gavin",NA
"Marc",NA
"Noriko",NA
"Malia",NA
"William",NA
"Ho",NA
"Cory",NA
"Michael",NA
"Paul",NA
"Lara",NA
"Christiane","DE"
"Cathy",NA
"Dana","FR"
"Geoffrey",NA
"John",NA
"Carol",NA
"Marin","RO"
"Amy","US"
"George",NA
"Travis",NA
"Risto",NA
"Jeremy",NA
"Burt",NA
"Nancy","US"
"Steven",NA
"Magdalena",NA
"Zoe",NA
"David","IN"
"Benjamin",NA
"Ron","US"
"Joseph",NA
"Sydney",NA
"Abigail",NA
"Imani","TZ"
"Joshua",NA
"Noriko",NA
"Kiri",NA
"Jay","US"
"Sarah",NA
"Steven","US"
"Beth",NA
"Greg",NA
"José",NA
"Nino",NA
"Deborah","US"
"Beverley","CA"
"Cornelia","US"
"Carol",NA
"Sara",NA
"Bruno",NA
"Timothy","US"
"Lila",NA
"Charles","US"
"David",NA
"Timothy","US"
"Charlotte","US"
"Tyler",NA
"Michael",NA
"Benjamin",NA
"Fred","US"
"Lindee",NA
"Rachel",NA
"Sally",NA
"Megan",NA
"Christian","NE"
"Timothy",NA
"Shannon",NA
"Rebecca",NA
"Byron",NA
"Daniel","IN"
"J.","US"
"R.","US"
"Anthony","US"
"Fernando",NA
"David",NA
"Pi-Yen","TW"
"J.","HK"
"Bonnie","US"
"Gabriel",NA
"Sviatoslav",NA
"George",NA
"Stephen",NA
"Jeffers",NA
"John",NA
"Benjamin",NA
"Samuel",NA
"Jason",NA
"Victoria",NA
"Jennie",NA
"Stephen",NA
"Louise",NA
"Anna","US"
"Heidi","US"
"Anna",NA
"Pi-Yen",NA
"Alex",NA
"Albrecht",NA
"Michael",NA
"Adelaida",NA
"Jonathan","GB"
"Ted",NA
"Helen","US"
"Tellef",NA
"Joseph",NA
"Chou","GB"
"Stephen",NA
"Katherine","US"
"Richard",NA
"Amanda",NA
"Patricia",NA
"Edward",NA
"Christopher",NA
"Mikyung",NA
"Nathan",NA
"Andrew","GB"
"Lorraine",NA
"Martin","GB"
"Laura","GB"
"Marié","US"
"Jayson","US"
"Matt","JP"
"Patrick","JP"
"Hiromi","JP"
"Hiroki","CH"
"Mark","DE"
"Thomas","DE"
"Atsushi","GB"
"Matt","JP"
"Steven","JP"
"Sonja","US"
"Klisala","FI"
"Joel","US"
"Francesca","US"
"Gabriel","US"
"Adrian","GB"
"Maureen","US"
"Eliot","US"
"Sylvia","US"
"Fiorella","GB"
"Nancy","US"
"Catherine","AU"
"Nomi","US"
"Jessica","US"
"Sean","US"
"David","US"
"Michael","US"
"Eliot","US"
"Max","US"
"Murray","CA"
"Wang","TW"
"Christopher","US"
"Jesse","US"
"Timothy","US"
"Marie","US"
"Helena","US"
"Matthew","GB"
"Amy","US"
"Helen","US"
"Alessandra","US"
"Jennifer","US"
"David","US"
"Megan","US"
"Benjamin","US"
"Stephan","US"
"Simone","GB"
"Alexander","US"
"Sara","US"
"David","US"
"Rui","US"
"Alexander","US"
"Gavin","US"
"Jim","US"
"Chloë","GB"
"Rachel","GB"
"Victoria","AU"
"Catherine","US"
"Sylvia","UG"
"Andrew","US"
"Gavin","US"
"Donna","US"
"Jocelyne","US"
"Stefan","US"
"John","US"
"Tan","MY"
"Nancy","US"
"Harris","US"
"Hilary","KR"
"Jim","US"
"Patrick","JP"
"Steven","CA"
"Kelley","MX"
"Miriam","US"
"David","US"
"Jonathan","US"
"Juniper",NA
"Deborah","US"
"Barbara","NL"
"Laura","CA"
"Michael","CA"
"Kassomo","TZ"
"Benjamin","US"
"Ana","SI"
"Katherine","US"
"Jennifer","US"
"Hettie","GB"
"Tala","US"
"Richard",NA
"Eun-Young","US"
"Michael","US"
"Peter","US"
"John","US"
"Hsin-Chun","TW"
"A.","US"
"Tsan-Huang","AU"
"Meilu","US"
"Mats","NO"
"Ola","NO"
"Tan","MY"
"Aleysia","US"
"Anton","NZ"
"Michael","US"
"Dard","US"
"Thomas","US"
"Andrew",NA
"Gregory","US"
"Peter","US"
"David","US"
"Carol","US"
"Marc","US"
"Marc","US"
"Trevor","GB"
"Anthony","MX"
"Matthew","GB"
"Michael","US"
"Ian","US"
"Carlos","US"
"Siv","US"
"Ross","US"
"Elizabeth","GB"
"Joseph","GB"
"Rebecca","CA"
"Julia","CA"
"Jim","US"
"Tim",NA
"Paul","US"
"Scott","US"
"Ellen","US"
"Jenny","AU"
"Joshua","US"
"Anis","FR"
"Gabriel","AE"
"Lonán","GB"
"Alice","GB"
"Jessie","US"
"Henry","GB"
"Laura","GB"
"Martin","GB"
"Christina","US"
"Lyndsey","US"
"Colin","US"
"Samuel","GB"
"Eric","US"
"Byrd","US"
"Luis-Manuel","GB"
"Bonnie","AU"
"James","GB"
"Michael","US"
"Catherine","AU"
"Shannon","US"
"Miguel","GB"
"Elizabeth","US"
"Rowan","GB"
"Anna","US"
"Kwok-Wai","HK"
"Phil","GB"
"Katie","US"
"Matthew","US"
"Colin","IE"
"Fiorella","GB"
"Catherine","US"
"Theodore","GB"
"Ana","SI"
"Georgie","GB"
"Russell","GB"
"Andrew","GB"
"Monique","CA"
"Sidra","US"
"Matthew","US"
"Rebecca","IN"
"Christine","US"
"Liza","US"
"Jack","CA"
"Adrian","AU"
"Austin","NE"
"Rachel","SG"
"Simon","GB"
"Hadi","GB"
"Keisuke","US"
"Zita","CZ"
"Julia","US"
"Deirdre","CA"
"Kristine","DK"
"Kai","CN"
"Fay","GB"
"Paul","GB"
"Alessandra","US"
"Nicholas","AU"
"Andrew","AU"
"Hyun","US"
"William","GB"
"Jeff","FR"
"Chris","CA"
"JinXing","US"
"Polina","CA"
"Benjamin","US"
"Saida","DE"
"Tom","GB"
"Sagnik","IN"
"Tyler","US"
"Katie","US"
"J.","US"
"Jacob","CL"
"Yuiko","GB"
"Panayotis","US"
"Emma","GB"
"Dianne","AU"
"Mats","NO"
"David","ES"
"Sarah","US"
"Phil","GB"
"Juan","GB"
"Rupert","GB"
"Denise","US"
"Simon","GB"
"Sung-Hee","GB"
"Matthew","HK"
"Abigail","IL"
"Seán","IE"
"Kiku","GB"
"Nadia","US"
"Anna","US"
"Uğur","TR"
"Songül","TR"
"David","US"
"Katie","IE"
"Joseph","US"
"Ruthie","US"
"Dave","US"
"Michael","US"
"Joshua","US"
"Robin","US"
"Marco","PT"
"J.","IE"
"Warrick","US"
"Jason","GB"
"Patrick","IE"
"Steven","IE"
"Ophelia","IE"
"Daithí","IE"
"Adèle","IE"
"Kai","CN"
"Bell","US"
"Andrew","PT"
"John","TH"
"Tharanat","TH"
"Andrew","PT"
"Heather","US"
"Jennifer","US"
"Maria","US"
"Alexander","GB"
"Kay","US"
"Alethea","ZA"
"Menán","ZA"
"Marie","ZA"
"Linda","DE"
"Dave","NZ"
"Bernardo","CO"
"Juan","CO"
"Shelley","US"
"Scheherazade","FR"
"Elsa","ES"
"Ana","ES"
"Raquel","ES"
"Margarita","ES"
"Leonardo","IE"
"Elina","FR"
"Heather","CA"
"Peter","AU"
"Susan","CA"
"Iva","RS"
"Simon","GB"
"Christian","IT"
"Stephen","GB"
"Evropi","GB"
"Elina","FI"
"Mellonee","IN"
"Elijah","ZA"
"Ailbhe","IE"
"Katie","IE"
"Althea","US"
"Fulvia","IT"
"Cassandre","GB"
"Sue","GB"
"Guillermo","CU"
"Sarah","GB"
"Timothy","GB"
"Shzr","GB"
"Hettie","GB"
"David","CZ"
"Luca","MZ"
"Laura","PT"
"Christine","US"
"Laura","US"
"Ariana","GB"
"Bell","US"
"Francesca","US"
"Linda","DE"
"Luis","US"
"Muriel","GB"
"Simon","GB"
"Aaron","AU"
"James","GB"
"Morgan","US"
"Karishmeh","IE"
"Lindsay","US"
"Leonardo","CL"
"Jeff","US"
"Joshua","CA"
"Ian","US"
"Garrett","US"
"Lee","ZA"
"Elijah","ZA"
"Boudina","ZA"
"Boudina","ZA"
"María","GB"
"Sunday","NE"
"Marzanna","PL"
"Javier","GB"
"Kgomotso","ZA"
"Evans","ZA"
"Brett","ZA"
"Vivek","US"
"Felix","IE"
"Polina","JP"
"George","US"
"Rachel","GB"
"Eddie","US"
"Rodrigo","US"
"Ruth","US"
"Benedict","NE"
"Oladele","IN"
"Raúl","PE"
"Boyu","CN"
"Ching-Wah","CN"
"Tucker","GB"
"Kimberly","NZ"
"Deonte","US"
"Rachel","GB"
"Byron","GB"
"Essele","CM"
"Max","DE"
"David","US"
"Sean",NA
"Max","US"
"Chris","US"
"Alexandra","US"
"Corinna","US"
"Toby",NA
"Michael","US"
"Ijeoma","NE"
"Seán","IE"
"Caetano","GB"
"Katherine",NA
"Laur","JP"
"Lei","US"
"Ana","PT"
"Allie","US"
"Nili","IL"
"Edwin","US"
"Bradford","US"
"Xi","GB"
"Ian","GB"
"Fiona","GB"
"Philip","MT"
"Samson","NE"
"Esther","US"
"Margaret","US"
"Brian","NZ"
"Luiz","GB"
"Francesca","US"
"Leonardo","IT"
"David","US"
"Tamar","US"
"Ailsa","US"
"Uri","IL"
"Miranda","CA"
"Matthew","GB"
"Tom","US"
"Erol","US"
"Siv","US"
"Kirstin","US"
"Marek","NL"
"Samantha","GB"
"Lauren","GB"
"W.",NA
"Juan","US"
"Esther","GE"
"Abigail","GE"
"Lily","GE"
"Moriah","GE"
"Kayla","IE"
"Sarah",NA
"Philip","US"
"Neil","US"
"Alisha","GB"
"Marzanna","PL"
"Mofang","AU"
"John","AU"
"Sahana","GB"
"Nancy",NA
"Candace",NA
"Nicholas",NA
"Ben",NA
"Allen",NA
"Stephen","US"
"Arnold","GB"
"Timothy","US"
"Annie","HK"
"David",NA
"John",NA
"Michael",NA
"Jonathan",NA
"Eric",NA
"Annette",NA
"Nicolas",NA
"Michael",NA
"Nicholas","GB"
"Julian",NA
"Amanda","GB"
"Anthony",NA
"Marianne",NA
"Joshua","US"
"Naphtali",NA
"Anthony",NA
"David",NA
"Joseph",NA
"Heinrich",NA
"Daniel",NA
"Christoph","US"
"Chris","GB"
"Yonatan",NA
"Suzannah","GB"
"Alastair",NA
"Adam",NA
"Ludwig",NA
"Matthew",NA
"Matthew","US"
"Lawrence","US"
"Brenda",NA
"Michael","GB"
"Elizabeth","GB"
"Jonathan",NA
"Kofi",NA
"Benjamin",NA
"Alastair","GB"
"Matthew",NA
"Matthew",NA
"Heinrich",NA
"Amy","US"
"Adam","CA"
"Björn",NA
"Wayne",NA
"Scott",NA
"Charles","CA"
"Allen","US"
"Rachel",NA
"Matthew",NA
"Daniel","US"
"J.",NA
"Richard","US"
"Henry","CA"
"Matthew",NA
"Michael",NA
"Robert",NA
"Peter","US"
"Mark",NA
"Robert","US"
"Giles",NA
"Paul",NA
"Daniel","GB"
"Mark","BE"
"Vincent","US"
"Giles",NA
"Robert","US"
"Matthew",NA
"Arnold","GB"
"Steve",NA
"Kevin",NA
"Arnold",NA
"Craig",NA
"David","US"
"L.",NA
"Nicola",NA
"Alan",NA
"Alexander",NA
"Stephen",NA
"Theodor",NA
"Christian",NA
"Daniel","GB"
"Arved",NA
"Lawrence",NA
"Daniel",NA
"Catherine","US"
"Dmitri",NA
"Eric",NA
"Erkki",NA
"Atte",NA
"Cheong","HK"
"Arnold",NA
"Massimilliano","IT"
"Jeffrey","US"
"Christian","AT"
"Loretta",NA
"Erik",NA
"Benjamin",NA
"Kevin","US"
"Lauri",NA
"Yi-Cheng",NA
"Yi-Cheng","CN"
"Stephen",NA
"Amin","IR"
"Elizabeth","GB"
"Michael","GB"
"Matthew",NA
"Vasilis",NA
"René","CA"
"Nancy","US"
"Julian","GB"
"Philip","US"
"Naomi","US"
"Arnold",NA
"Vasili","US"
"Jack","US"
"Maria",NA
"Janet","US"
"Stefan",NA
"Kyle",NA
"Robert","US"
"Emily","GB"
"Seth",NA
"Jason","AU"
"Denis","AU"
"Lucy",NA
"Jonathan",NA
"Peter",NA
"Daniel",NA
"Bernard",NA
"Robert",NA
"Russell","GB"
"Klaas",NA
"Roman","IN"
"Lara",NA
"Gavin",NA
"Kelvin","BE"
"Mark","GB"
"Vasili","US"
"Peter",NA
"Terrence",NA
"Brett",NA
"Ben",NA
"William",NA
"Nicole","US"
"Bjørnar","NO"
"Brad",NA
"Kenneth","GB"
"Rebekah","AU"
"Joseph",NA
"Steven","CA"
"Andrew","US"
"Michael",NA
"Rowland",NA
"Bethany","AU"
"Edward","GB"
"Jeffrey",NA
"Julian",NA
"Charulatha","AU"
"Adam","GB"
"Sarah",NA
"Graham","US"
"David",NA
"Steven","CA"
"Neil","US"
"Henry",NA
"Diego","ES"
"Adam",NA
"John","US"
"Diego","US"
"John",NA
"Brian",NA
"Andrew",NA
"Kenneth","GB"
"Eric",NA
"Trevor",NA
"Steven",NA
"Nelson","AU"
"Gianmario",NA
"Joe",NA
"Janet",NA
"Kenneth",NA
"Yosef",NA
"Matthew","GB"
"Sebastian","GB"
"Michael","US"
"Ian","US"
"Philip","US"
"Gabriel","US"
"Jason",NA
"Marina","BE"
"Frank","US"
"Mikhail",NA
"Neil",NA
"Nicholas","GB"
"Nathan",NA
"Chris",NA
"Dan",NA
"Brett",NA
"Damian","US"
"Thomas","GB"
"Gavin",NA
"L.",NA
"Bryan",NA
"Rajan",NA
"Gabriel",NA
"James",NA
"Jonathan",NA
"Hunter",NA
"Richard",NA
"Orit",NA
"Patrick",NA
"Benedict",NA
"Benedict",NA
"Hainian","AU"
"Peter",NA
"Christopher",NA
"W.",NA
"Oliver",NA
"Isabella",NA
"François-Xavier",NA
"Danny",NA
"Jian",NA
"Sunbin",NA
"Naphtali",NA
"Ram",NA
"Caitlin",NA
"Ji","US"
"Nabil",NA
"Érico",NA
"Carlos",NA
"Jonathan","CA"
"Chris",NA
"Richard","GB"
"María","US"
"Keir","CA"
"By","US"
"Martin",NA
"Bruce",NA
"Caroline","US"
"Dan","US"
"Murray",NA
"Toru",NA
"Jairo","US"
"Simon",NA
"Rob",NA
"Michael",NA
"Tony","AU"
"Jeffrey","US"
"Mark",NA
"Peter",NA
"Ian","GB"
"Dick",NA
"Sunaina","US"
"Mark","GB"
"John",NA
"Alan",NA
"Christopher","US"
"Barbara",NA
"Wolfgang",NA
"K.",NA
"Cece",NA
"Stephen",NA
"Bruno",NA
"Linda",NA
"Richard",NA
"Bruce","US"
"Susana",NA
"Kyoko",NA
"Gary","US"
"Mark",NA
"Geoffrey","US"
"Philip","GE"
"Michael",NA
"Sarah",NA
"Robert","US"
"Fred",NA
"Mark","US"
"Marina","US"
"Mark","US"
"Stephen","US"
"Diane",NA
"Carol","US"
"Helena","US"
"Karen",NA
"Peter",NA
"Chris",NA
"Mark","US"
"Bryan","US"
"Irwin",NA
"Miguel","GB"
"Geoffrey",NA
"Alan",NA
"Joyce","US"
"Jan",NA
"Amy",NA
"Jill","US"
"Mary","GB"
"Cotten","US"
"Matthew",NA
"Melissa","US"
"Mark",NA
"Mike",NA
"Michael",NA
"Garth","US"
"Joe","US"
"Robert","US"
"Paul",NA
"David","US"
"Simon",NA
"Charlene","US"
"Gary",NA
"Edward","US"
"Cynthia",NA
"Kalene",NA
"Mark","US"
"Norma","US"
"Murray","US"
"John",NA
"John",NA
"Hugh",NA
"Jason",NA
"Roger",NA
"Helen",NA
"Morgan",NA
"Jack",NA
"David",NA
"Kembrew","US"
"Jacqueline","US"
"Kembrew","US"
"Guthrie","US"
"Kay",NA
"Michael",NA
"Matthew","US"
"Inez","US"
"John","IN"
"Alex","IN"
"Nasser",NA
"Wai-Chung",NA
"Dafna","IL"
"B.","US"
"Patty","US"
"William","US"
"Gary",NA
"Ulf",NA
"Lee",NA
"Peter",NA
"Rebekah","US"
"Thomas","US"
"Ann",NA
"Gary",NA
"J.",NA
"James","US"
"S.","US"
"Rebecca",NA
"Andrew","CA"
"Bruce","AU"
"John","FI"
"Rachel","US"
"Jana",NA
"Mike","CA"
"Steve","US"
"Joel",NA
"Mark",NA
"Mark",NA
"Nabeel","NZ"
"Gema","US"
"Heather",NA
"Michael",NA
"Timothy",NA
"Matt","US"
"Robin","AU"
"Cynthia",NA
"Griffin",NA
"Catherine",NA
"George",NA
"B.","US"
"Per","US"
"Deena","US"
"Ken",NA
"Marc",NA
"Stephen","US"
"B.","US"
"Emma",NA
"Jacob","IN"
"Roy",NA
"Charles","AU"
"Bradford","US"
"Mark",NA
"Terence",NA
"Caroline",NA
"Liew",NA
"Andrea",NA
"Hao",NA
"Theodore","US"
"John","US"
"B.",NA
"Kristen","US"
"Aaron","US"
"Mark","IN"
"William","US"
"Debashis","US"
"Holly",NA
"Sara",NA
"John",NA
"Gernot",NA
"João","BR"
"Kevin","GB"
"Christophe",NA
"Jannis","DE"
"Arno","DE"
"Johan",NA
"Joanna",NA
"Steve",NA
"Dale","DK"
"Ian","GB"
"Fred",NA
"Steven",NA
"Mark","IN"
"Paul","IN"
"Stacy",NA
"Steve","US"
"Amanda","US"
"Fabienne",NA
"Molly","US"
"Steve","CA"
"Andre",NA
"Yngvar",NA
"Reebee","US"
"Tom",NA
"Jeremy","US"
"Deborah",NA
"Leonardo",NA
"Daniel",NA
"Raúl",NA
"Rachel","US"
"Melanie",NA
"Bruce","AU"
"Olivia","US"
"Kevin",NA
"John",NA
"Edward","US"
"Sean",NA
"Jason",NA
"Paul","US"
"Thomas","US"
"Paul",NA
"Michael",NA
"Nabeel",NA
"Benjamin","US"
"Jack",NA
"Steven",NA
"Marybeth","GB"
"Tom",NA
"Mark",NA
"Gabriel","US"
"John","US"
"John","US"
"Mark",NA
"Ken","US"
"Letrez","US"
"Christine","US"
"J.","US"
"Barry","US"
"Teresa","CA"
"Sharon","US"
"Don",NA
"Kevin","US"
"Ryan",NA
"Peter",NA
"Mary",NA
"David",NA
"George","US"
"Gary",NA
"Gary",NA
"Susan","GE"
"Ian",NA
"Paul",NA
"John","US"
"David","CA"
"B.",NA
"George",NA
"Mickey",NA
"Ian","GB"
"Susan","CA"
"Karen","CA"
"Michael",NA
"Steve","US"
"Tim","GB"
"Gary",NA
"Tricia",NA
"Holly","GB"
"Lily","US"
"Janet",NA
"Kyle","US"
"Alexander",NA
"Carey",NA
"Fred","US"
"Patricia","US"
"James",NA
"Sheila","US"
"Kembrew",NA
"Ann","US"
"Mike","US"
"Christine",NA
"B.",NA
"W.","US"
"Philip",NA
"Rob",NA
"Francesca","US"
"Lisa","US"
"John","US"
"Eugene",NA
"Ulrich",NA
"Marco",NA
"Kenneth","IN"
"Garth",NA
"Mina","US"
"Tim",NA
"Patrick",NA
"Kevin",NA
"James",NA
"Deena","US"
"Usama","US"
"Imani","GB"
"Barbara","IE"
"Andrew","US"
"Mickey","IN"
"Alan",NA
"Court",NA
"Shuhei",NA
"B.",NA
"Gary",NA
"Nick","US"
"Rachel","US"
"David",NA
"Alejandro","US"
"Steve","US"
"Deborah","US"
"Seth","US"
"Martin","CA"
"Gavin","ZA"
"Michael",NA
"Michael","US"
"Robert","SE"
"Patrik","SE"
"Ulrich","US"
"Don",NA
"Melvin","US"
"Michael","JP"
"Michael","US"
"John","US"
"Daniel",NA
"Joe","US"
"Tim",NA
"Boden","US"
"Kevin","US"
"Alena",NA
"James",NA
"Steve",NA
"Grant","IN"
"Mark","IN"
"Paul","IN"
"Christi-Anne","US"
"John",NA
"Kristin","NL"
"Peter",NA
"James",NA
"Carlos",NA
"Mark",NA
"Lloyd",NA
"Stan","NO"
"John","FI"
"Neil",NA
"Karen",NA
"João","US"
"Patrik",NA
"Robert",NA
"Gillian","US"
"Christina",NA
"Paul",NA
"Mark",NA
"Bethany","GB"
"Ted",NA
"Roberto","US"
"Russell",NA
"Chris","CA"
"Mariana",NA
"Michael",NA
"Don",NA
"Arne",NA
"Sei",NA
"Sarah","GB"
"John",NA
"J.","US"
"Charles","AU"
"Sara","GB"
"Ruth","GB"
"Theodore",NA
"Katherine",NA
"Cindy",NA
"Kyra",NA
"Cheryl",NA
"Timothy",NA
"Wayne",NA
"Joe",NA
"Miles",NA
"Craig","US"
"Tim",NA
"B.","US"
"Michael",NA
"Mensah","US"
"Larry",NA
"Jon",NA
"Robin",NA
"Mark",NA
"Mark","IN"
"Paul","IN"
"Andrew",NA
"Elizabeth",NA
"Philip",NA
"Jon",NA
"B.","US"
"Fabian","DK"
"Edward","IN"
"Michael","US"
"Beth","US"
"Art","US"
"Paul","US"
"Bryan","US"
"Graham",NA
"Marco",NA
"Ulrich",NA
"Mark","US"
"Desdamona","US"
"Jeffrey",NA
"Lynn",NA
"Will","GB"
"Robin","US"
"Karl",NA
"Yngvar",NA
"David-Emil",NA
"David",NA
"Polly",NA
"Ian",NA
"David",NA
"Michael",NA
"Jon",NA
"Rashida",NA
"Martin","CA"
"Chris","GB"
"Leslie",NA
"Maria","SE"
"Fernando",NA
"Jennie",NA
"Michael",NA
"Herbert",NA
"Charles",NA
"Anastasia",NA
"Alasdair","GB"
"Martin","GB"
"Andrew","US"
"David-Emil",NA
"Yngvar",NA
"Peter",NA
"B.",NA
"Luis","US"
"David","GB"
"Rupert","GB"
"Jan","GB"
"George",NA
"Karen","US"
"William","US"
"B.","US"
"Dale","US"
"Shannon","US"
"Trevor","US"
"David","US"
"Peter","US"
"Imani",NA
"Joshua",NA
"Jayson","US"
"Eric","US"
"Isabella","NL"
"Kariann","US"
"Jon",NA
"Tanya",NA
"Dean","AU"
"J.","GB"
"Deforia",NA
"Henry","GB"
"Fiona","US"
"Joanna","US"
"Fred",NA
"Mary","US"
"Irving","DE"
"B.",NA
"Jonathan","US"
"Anja","DE"
"Gary","US"
"Adriana","US"
"Jeremy",NA
"Gary","US"
"Matthew",NA
"Kevin","US"
"Keith","US"
"Ronald",NA
"Austin","NE"
"Andrew","GB"
"Helena","US"
"Jeff",NA
"Andy","AU"
"Theo",NA
"Koos","NL"
"Tom","NL"
"Leslie","CA"
"Dave","GB"
"Susan",NA
"Christina","US"
"Tom","GB"
"Lauren",NA
"Rick","US"
"Michael","CA"
"Vicki","US"
"Micha","US"
"Stéphane","CA"
"Rossen","US"
"Jessica","US"
"Cheryl","US"
"Hettie","GB"
"Chenjerai","US"
"Matt","US"
"Anthony",NA
"Craig",NA
"Daniel","US"
"Daniel","GB"
"Dave",NA
"Ashley",NA
"Mark","CA"
"Cassandra","AU"
"Vicki","AU"
"Travis","US"
"Alexandra","US"
"Dan","AU"
"Megan",NA
"Maureen","US"
"Mark","GB"
"Gustavus","US"
"Homay","US"
"Geoff","GB"
"Dave",NA
"James","JP"
"Oliver","CA"
"Sara",NA
"Jacques",NA
"Kevin",NA
"Christina","US"
"Jayna","US"
"Mark","GB"
"Anamik","GB"
"Stephen",NA
"Harvey","GB"
"Patti","US"
"David","US"
"William","US"
"B.","US"
"Robin",NA
"Chris",NA
"Yiannis","GR"
"George","US"
"Adam",NA
"Anthony","US"
"Johan",NA
"Wayne","US"
"Frederick","PT"
"S.","US"
"Henrik","DE"
"Sydney","US"
"Ragnhild","NO"
"Paul","GB"
"Madison","US"
"Andrew","AU"
"Maria","US"
"Gary",NA
"Wendy","US"
"Ian",NA
"Philip",NA
"Lee",NA
"Anthony","HK"
"Tuulikki",NA
"Peter",NA
"Ian",NA
"Falina","US"
"Edward",NA
"Paul",NA
"J.","US"
"Siv",NA
"Rob","US"
"Hae-Kyung","GB"
"Craig",NA
"Martin","GB"
"Matt","GB"
"Stuart",NA
"Jeremy","US"
"David","AU"
"John","US"
"Paul","CA"
"Charles","AU"
"Adam","US"
"C.","GB"
"Francesca","US"
"Verónica","CA"
"Nitasha","US"
"Robert","US"
"Robin","US"
"Dale","US"
"B.","US"
"Elias","US"
"Mich",NA
"T.","PE"
"Helen","AU"
"Tom","GB"
"Reebee","GB"
"Hettie","GB"
"Andy","AU"
"Jodie","AU"
"D.","CA"
"Reebee",NA
"Murray","US"
"Noriko","US"
"Sarah","GB"
"Alice","US"
"Evan","US"
"Taylor","US"
"Elena","US"
"Ian","US"
"Gary",NA
"Karl","GB"
"Caroline","GB"
"Mark","GB"
"Amir","CA"
"Simon","GB"
"Lucas","US"
"Rebecca",NA
"Katie",NA
"Matt","GB"
"Gary",NA
"Phil","HK"
"Josh","US"
"Joel","US"
"Travis","US"
"Kirstie","US"
"Daniel","US"
"Rachel","US"
"Jacqueline","CA"
"Henry","CA"
"D.","GB"
"Eva","TW"
"Hyunjoon","KR"
"Nicholas","US"
"Ken","CA"
"Matt","GB"
"Peter",NA
"Martin","KR"
"Y.","NO"
"Andrew","AU"
"Mickey","CA"
"Sverker","SE"
"B.","GB"
"Sean","US"
"Lee","GB"
"Tavia","US"
"Francesca","US"
"Sarah","AU"
"Alison","AU"
"Summer","US"
"Melissa",NA
"Hyunji",NA
"Holly",NA
"Marion","GB"
"Kenneth","GB"
"Timothy","US"
"Victor","US"
"Katy","US"
"Michael","AU"
"David","NZ"
"Priscilla","US"
"T.","US"
"Yiu-Wai","HK"
"Eve","GB"
"Corinna","US"
"Wai-Chung","HK"
"Wing-Wah","HK"
"Dai",NA
"Gerard","GB"
"Ken","US"
"Birgitte","NO"
"Nathan","CA"
"Michael","KR"
"Magdelana","US"
"Diane","AU"
"Sarah","AU"
"Mark","GB"
"Geoff",NA
"Stephen","NL"
"Darrell",NA
"Uri","IL"
"Leora","US"
"Nicolai",NA
"Dave","GB"
"Duncan","GB"
"Lucy","GB"
"Marita","NO"
"Mario","DE"
"Simone","GB"
"Martin","CA"
"Jing","CN"
"Ben","GB"
"Andrew","GB"
"Jeremy",NA
"Aaron","AU"
"Edwin","US"
"Peter","US"
"Andrew","AU"
"Denis","AU"
"Steve","AU"
"Jeremy","AU"
"Mark","US"
"Mervi",NA
"Melissa","US"
"Andrew","CA"
"Thomas","US"
"Tony","AU"
"Michael",NA
"Emma","GB"
"Chris","CA"
"Melanie","US"
"Nadav","IL"
"Kevin","US"
"Ola","US"
"Thomas","US"
"Torgeir","NO"
"Tony","AU"
"E.","US"
"Juliet","US"
"Mark","CA"
"Roderick","US"
"Willemien","ZA"
"Halifu",NA
"Anastasia",NA
"Dalia",NA
"Jeremy","US"
"Kimberly",NA
"Chris","GB"
"Sarah","GB"
"Serhat","TR"
"Cem","TR"
"Bülent","TR"
"Roberto","US"
"Lucy","GB"
"Nassim","AT"
"Olivier","US"
"Heli","EE"
"Paul","US"
"Hector",NA
"Sam","GB"
"Nic","US"
"Andreas","DK"
"Pertti","FI"
"Henry","NZ"
"Ken","US"
"Joseph","US"
"Michael","US"
"Juliane","US"
"Andrew","AU"
"Carolyn","AU"
"Marquita","CA"
"Tom","GB"
"Pedro","PT"
"Oliver","CA"
"David","US"
"Amanda","US"
"Dai","GB"
"Denis","AU"
"Brian","US"
"Dal","CA"
"Woongjae","KR"
"Lonán","GB"
"Rob",NA
"William","US"
"Keith","GB"
"Pete","GB"
"Andrew","GB"
"Travis","US"
"Jeff","US"
"Patrick","US"
"Kris","CA"
"Dale","CA"
"David","US"
"Victoria","US"
"Britta","CH"
"Tom","GB"
"Jon","AU"
"Yngvar","NO"
"Anne","NO"
"Oli","NZ"
"Anna","GB"
"Matthew","US"
"Faiza","CA"
"Marvin","IN"
"Heather","US"
"Diane","US"
"Matthew","US"
"Simon","GB"
"Gustavo","BR"
"Marié","US"
"Philip","AU"
"Matt","AU"
"Chenjerai","US"
"Shaun","US"
"Jonathan","US"
"Ayse","TR"
"Leigh","US"
"Andrea","AU"
"Ken","CA"
"Gustavus",NA
"Jeanne",NA
"Peter",NA
"Karen",NA
"Heather",NA
"Gayle",NA
"Barbara",NA
"Henry","CA"
"Joshua","US"
"Timothy","GB"
"Adam","GB"
"Marcus","GB"
"Motti","IL"
"Berenice","AR"
"Luciana","BR"
"Derek","DK"
"Kendra","US"
"Uri","IL"
"Catherine","AU"
"Larisa","US"
"Andrei","NO"
"Yngvar","NO"
"Volha",NA
"Andrew","GB"
"Gĩchingiri","US"
"David","US"
"Shane","IN"
"Frederik","BE"
"Stephen","GB"
"Catherine","AU"
"Ian","AU"
"Nicholas","US"
"Lauren","AU"
"Gavin","AU"
"Alexandra","US"
"D.","GB"
"Seung-Ah","US"
"David","AU"
"Lauren","AU"
"John","US"
"Robin","US"
"Kyle","NO"
"Jonathan","IE"
"Andrew","US"
"Maria","US"
"Annemarie","GB"
"Christopher","US"
"Stephen","NZ"
"Katharina","AT"
"Mercedes","AR"
"Kyra","US"
"Virginie","CA"
"Sarah","AU"
"Diane","AU"
"Nadia","US"
"Paja","US"
"Justin","GB"
"David","US"
"Anja","CH"
"Thomas","US"
"Edward","IN"
"Christina","US"
"Jillian","US"
"Anya","US"
"Brad","US"
"Adam","AU"
"Joe",NA
"Justin","US"
"Ali","US"
"Dhanveer","US"
"Sophia",NA
"Catherine","AU"
"Simon",NA
"Pablo","AR"
"Felipe","BR"
"Marina","US"
"Alasdair","GB"
"Jemma","GB"
"Martin","GB"
"Eirik","NO"
"Stephen","NO"
"Yessica","US"
"Tom","GB"
"Paula","US"
"Andy","PT"
"Michael","US"
"P.","US"
"Tryon","US"
"Marisol","US"
"Rachael","AU"
"Dave","GB"
"Joe","US"
"Liz","AU"
"Angela","GB"
"Raphaël","AU"
"Barbara","US"
"Darren","AU"
"Martin","IE"
"Aileen","IE"
"Eoin","IE"
"Malvina","AR"
"Ali","US"
"Matthew","GE"
"Bruno","US"
"Catherine","AU"
"Yngvar","NO"
"Anne","NO"
"Caspar","GB"
"Heikki","FI"
"Michael","NO"
"Nicolette","US"
"David","CZ"
"Mark","CA"
"Maya","CA"
"Javier","ES"
"Marc","CH"
"Pierre","CH"
"Warrick","US"
"José","US"
"Laraine","GB"
"Paul","GB"
"Simon","GB"
"Jocelyne","US"
"Richard","GB"
"Simon","GB"
"Kendra","US"
"Sina","DE"
"Manuel","SE"
"Kristine","DK"
"Mark","US"
"Adam","ZA"
"Kai",NA
"Kevin","US"
"Nick","NZ"
"Quentin","ZA"
"Noora","FI"
"Alexander","CA"
"Anthony","US"
"Umberto",NA
"Charles","AU"
"Salli","FI"
"Meghan","US"
"Carolina","AR"
"Michael","GB"
"Mimi","GB"
"Marita",NA
"Duncan","GB"
"Stephen","IE"
"Martin","CZ"
"Venise","US"
"Sharon",NA
"Colin","US"
"Diana",NA
"Josh",NA
"Z.",NA
"Robert","US"
"Bláithín","IE"
"Alexander","GB"
"Sean","US"
"Andrei","IE"
"Bethany",NA
"Leslie",NA
"Devon",NA
"Ebony","US"
"Kevin","US"
"Leigh","US"
"Jake","US"
"Aaron",NA
"Adam","ZA"
"Quentin","ZA"
"H.","US"
"Michael","GB"
"Samantha","AU"
"John","US"
"Amaia","ES"
"Adam","GB"
"Pekka","FI"
"Brittnay","US"
"Simone","BR"
"Simone","BR"
"James","US"
"Darren","GB"
"Patrick","GB"
"Nabeel","NZ"
"Kai","NO"
"Eileen","GB"
"Jon",NA
"Arianne",NA
"David","US"
"Courtney","US"
"Stan","US"
"Tom","GB"
"Ben","AU"
"Farzaneh","CA"
"Yeawon","KR"
"Yonghan","KR"
"So","KR"
"Rana",NA
"Kirstie","US"
"Adrian","AU"
"Steve","AU"
"John","GB"
"Tom","GB"
"Eric",NA
"Wouter","NL"
"Erin","US"
"Kevin","US"
"Botond","AU"
"Tuomas","FI"
"Markus","DE"
"Michael","US"
"Grace","US"
"Adam","ZA"
"Quentin","ZA"
"H.","US"
"Alexa","US"
"Casey","US"
"Manuel","PT"
"David","US"
"Alexis","FI"
"Adam",NA
"J.","IE"
"Barry","US"
"Eric","US"
"Diane","US"
"James","GB"
"Steen","DK"
"Mads","DK"
"Richard","GB"
"Saesha","US"
"Matthew","US"
"Jesús","ES"
"Russell","GB"
"Esther","US"
"Yunshu","US"
"Lauren","CN"
"Sarah","CA"
"Rebecca","US"
"Eric","US"
"Catherine","NZ"
"Chris","US"
"Kat","US"
"Fredara","US"
"Ioannis","IE"
"Kaitlyne","US"
"Jeremy","US"
"Alexandra","NL"
"John","GB"
"Matthew","GB"
"David","GB"
"Michial","US"
"Lucinda","GB"
"Rosie","GB"
"Liliana","GB"
"Paula","US"
"Lauron","US"
"Andrew",NA
"Kristin","NL"
"Kathryn","US"
"Maria","CY"
"Andy","AU"
"Ryan","CA"
"Regina","US"
"Loren","US"
"Oneka","US"
"Daniel","US"
"Gabriel","US"
"Toby","AU"
"Dave","AU"
"Harris","CA"
"Kieran","GB"
"Rex","AU"
"Kathleen","US"
"Lior","US"
"Luis","ZA"
"Paul","AU"
"Patrick","US"
"Colleen","CA"
"Dave","GB"
"Marc","CA"
"Casey","CA"
"Lori","CA"
"Jean","CA"
"Gareth","US"
"Christina","CA"
"Kai","NO"
"Stan","NO"
"Adam","CA"
"Christine","CA"
"Raffaella","IT"
"Allison","US"
"John","IE"
"Áine","NO"
"Catherine","AU"
"Shelley","AU"
"Fabian","AU"
"Ed","AU"
"Ian","AU"
"Gene","AU"
"William","US"
"Iain","GB"
"Sadam","US"
"B.","US"
"James","US"
"Oli","NZ"
"Pat",NA
"Teófilo","AW"
"Gareth","US"
"Simon","GB"
"Beate","GB"
"Kristine","CA"
"Amanda","US"
"Dianne","CH"
"Samuel","GB"
"Katie","AU"
"Spencer","TR"
"Wonderful","ZW"
"Alison","CA"
"Katherine","US"
"Verne","CA"
"Meryl","US"
"Elizabeth",NA
"Willemien","ZA"
"Rich","GB"
"Paul","AU"
"Sarah","GB"
"William","US"
"Henrik","DK"
"Phillip","AU"
"Adam","CA"
"Ryan","CA"
"Kathleen","CA"
"Joseph","CA"
"Timothy","US"
"Niels","NL"
"Mike",NA
"Myrtle","CA"
"Paul","GB"
"Alex","GB"
"David","US"
"Theo","US"
"Laura","CA"
"Carlo","US"
"Liam","GB"
"Emaeyak","NE"
"Anne","GB"
"Mike","GB"
"Lucy","GB"
"Julia","CA"
"Robbie","CA"
"Chris","CA"
"Kimberly","US"
"Christine","AU"
"Kyong",NA
"Jaap","NL"
"Diane","AU"
"Sarah","AU"
"Jocelyne","US"
"Robert","US"
"Arnt","NO"
"Kelly","CA"
"Alison","CA"
"Ruth","CA"
"James","AU"
"Lee","US"
"Paula","PT"
"Andy","AU"
"Daniel","US"
"Tyler","US"
"Jabari","US"
"Beate","GB"
"Wayne","US"
"Hector","US"
"Jada","CA"
"Sara","GB"
"Norma","US"
"Steve","US"
"John","US"
"Kyle","US"
"Anna","FI"
"Elina","FI"
"John","US"
"Kevin","US"
"Frank","US"
"Joshua","US"
"Matthew","US"
"Radio","US"
"Ren","US"
"Rebekah","US"
"Ben","CA"
"Katie","US"
"Eva","AU"
"Stefano","AU"
"Minja","FI"
"Taru","FI"
"Bonnie","AU"
"José","HK"
"Adam","HK"
"Robert","US"
"Michael","US"
"Sean","US"
"Adam","GB"
"Emma","GB"
"Matt","GB"
"Martin","FI"
"Jake","GB"
"Jay","US"
"George","US"
"Ragnhild","NO"
"Aram","US"
"Joseph","US"
"Bertel","DK"
"Michael","NZ"
"Toby","GB"
"Joshua","US"
"Charles",NA
"E.","US"
"Rebekah","US"
"Thomas","US"
"Stephen","CA"
"Brian","US"
"Jennifer","CA"
"Tarah","CA"
"Steven","CA"
"Peter","CA"
"Andy","AU"
"David","AU"
"Natalie","AU"
"Peter","CA"
"Michael","GB"
"Jasmine","US"
"Gayle","US"
"Theo","US"
"Nicholas","NL"
"Ruth","GB"
"Matthew","US"
"Jorge","BR"
"George","US"
"Robert","US"
"Kimberly","US"
"José","US"
"Patrick","US"
"Jalil","US"
"Emmett","US"
"Adam","US"
"Alexandria","IN"
"Iain","GB"
"Patricia","US"
"Christopher","US"
"Skúli","US"
"William","US"
"Jarek","US"
"Chandler","US"
"Steve","US"
"Megan","US"
"Zachary","US"
"Robert","US"
"Catherine","US"
"P.","AU"
"Erik","GB"
"Graley","US"
"Amanda","NZ"
"Michael","US"
"Marcus","GB"
"Jake","US"
"Masi","US"
"Amy","US"
"Daniel","US"
"Raymond","US"
"Oliver","US"
"Elizabeth","US"
"Andrew","US"
"Matthew","US"
"Tore","NO"
"Pedzisai","ZA"
"Lee","US"
"Peter",NA
"J.","GB"
"Alexander","US"
"Niall","GB"
"Andrew","GB"
"Jian","CN"
"Shuwen","CN"
"Christopher","GB"
"Oliver","US"
"Robin","US"
"Catherine","US"
"Richard","US"
"Jonathan","US"
"Megan","US"
"Kirsten","CA"
"Laura",NA
"Teófilo","AW"
"Kyle","US"
"Olivia","US"
"Jessica","US"
"Jada","CA"
"Petra","US"
"Jericko","US"
"Benjamin","US"
"Jared","US"
"Michael","DE"
"Sabia","US"
"Bernhard","AT"
"Bernhard","AT"
"Wayne","US"
"Cary","AU"
"Wayne","US"
"Michael","GB"
"Ian","AU"
"Samuel","AU"
"Michail","GB"
"Aishwarya","CA"
"Patricia","CA"
"Waleed","US"
"Simran","GB"
"Edgar",NA
"Rose","GB"
"Andy","AU"
"Clay","US"
"Chris","GB"
"Charles","US"
"Robin","US"
"Sean","US"
"Esther","US"
"Reem","US"
"Avery","US"
"Jesse","US"
"Dave","US"
"Steven","US"
"Brian","US"
"Amy","US"
"Andrew","US"
"Alyxandra","US"
"Kyung","US"
"CedarBough","IN"
"Matthias","BE"
"Brian","US"
"Oliver","CA"
"Marcus","GB"
"James","US"
"Suzanne","US"
"Charles","US"
"Ann","SE"
"Tami","AU"
"Sam","SE"
"José","US"
"Anne","NO"
"Stan","NO"
"Amanda","US"
"Heidi","US"
"Cheryl","US"
"Mari",NA
"Andy","AU"
"Ben","AU"
"David","AU"
"Natalie","AU"
"Sandra","LB"
"Jennifer","US"
"C.","US"
"Jan-Peter","GB"
"Mark","GB"
"Jocelyn","US"
"Brittany","US"
"Theo","US"
"Brian","US"
"Sergio","FR"
"Nicholas","AU"
"Amy","US"
"Danelle","US"
"Sarah","US"
"Shuwen","CN"
"Jian","CN"
"Tobias","SE"
"Ádám","HU"
"Kenneth","US"
"Henry","NZ"
"Griffin","US"
"Nadine",NA
"Francesca",NA
"Sam","SE"
"Jonas","SE"
"Johannes","SE"
"Deborah","US"
"Kimberly","US"
"Jocelyn","US"
"Derek",NA
"Pat","AU"
"David","IN"
"Ross","GB"
"Karen",NA
"Stephanie","US"
"Shana","US"
"Gustavus","US"
"Chandra","US"
"Thomas","US"
"Sara","CA"
"Thomas","US"
"Christine","US"
"Susan","US"
"Emil","GB"
"Francesca","US"
"Robert","KR"
"Joe",NA
"Kayla","IE"
"Llorián","ES"
"Sílvia","ES"
"Brendan","AU"
"Paul","GB"
"Tuomas","FI"
"Richard","GB"
"James","GB"
"J.","US"
"Scott","AU"
"Andrew","US"
"Sviatoslav","RU"
"Elena","RU"
"Albina","RU"
"Nicholas","US"
"Meghan","US"
"Brian","CA"
"Shirli","US"
"Peter","US"
"Jessica","US"
"Stan","GB"
"Adam","GB"
"Jordan","US"
"Myles","US"
"Evanthia","GB"
"Ryan","US"
"Christopher","US"
"Chelsea","US"
"Sophia","US"
"Sondre","NO"
"David","NO"
"Kimberly","NZ"
"Yngvar","NO"
"Olivia","US"
"Alexandra","CA"
"Steve","AU"
"Adrian","AU"
"Sarah","AU"
"Alex","AU"
"Ana","SI"
"Christophe","FR"
"Rob","GB"
"Qian","CN"
"Keith","GB"
"Luke","GB"
"Daniel","BR"
"Andrew","GB"
"Andrei","GB"
"Nadia","CA"
"Walescka","NZ"
"Christopher","US"
"Louis","US"
"Mehdi","US"
"Nima","AU"
"Anne","GB"
"Jon","AU"
"Hannah","GB"
"B.","GB"
"Jelena","FI"
"David","US"
"Federico","DE"
"Monika","DE"
"Ana","SI"
"Kathryn","US"
"Steacy",NA
"Charlene","CA"
"Radio","US"
"Jesse","US"
"Cara","US"
"Birgit","DE"
"Ellis","NO"
"Jonathan","GB"
"Yupei","CN"
"Jeremy","US"
"D.","US"
"Beth","US"
"Steven","US"
"Simon","GB"
"Pekka","FI"
"Andrzej","PL"
"Giacomo","FI"
"Megan","NZ"
"Bernhard","AT"
"Michaela","AT"
"Phoebe","AU"
"Benjamin","AT"
"Bethan","GB"
"Roberto","PT"
"Sergio","IT"
"Giulia","IT"
"Salvatore","IT"
"Sonjah","JM"
"Matt","CA"
"Nathan",NA
"Brian","GB"
"Oana","GB"
"Paul","AU"
"Nicholas","US"
"Tawnya","US"
"Josh","AU"
"Guy","AU"
"Moses","AU"
"Federico","DE"
"Matthew","NZ"
"Brian","GB"
"Oana","GB"
"Sara","US"
"Karen","US"
"Paula","US"
"Kimberly","US"
"Eric","US"
"Simon","GB"
"Eric","US"
"Spike","GB"
"Andrew","AU"
"David","CZ"
"Margret","IS"
"Kristjan","IS"
"Arnar","IS"
"Mor","IL"
"Noam","IL"
"David","NZ"
"Ian","AU"
"Dale","DK"
"David","ZA"
"Monika","DE"
"Chris","GB"
"Paula","PT"
"Fernán","ES"
"S.","US"
"Lauren","GB"
"Susie","AU"
"Brent","AU"
"Gary","US"
"Jane","US"
"Haley","US"
"Ernest","GH"
"Julia","US"
"Helma","US"
"Emily","IE"
"Felix","AT"
"Michael","NO"
"Helen","GB"
"Trishauna","GB"
"Olivia","GB"
"James","GB"
"Konrad","PL"
"Jane","GB"
"Christina","DE"
"Martin","DE"
"Beate","GB"
"Juliane","US"
"Nick","US"
"Murray","US"
"Steven","PT"
"Maya","US"
"Colleen","CA"
"Ruth","US"
"Paul","IN"
"Maxim","JP"
"Paula","GB"
"Rachel","GB"
"Judith","GB"
"Gregoire","FR"
"James","IE"
"Natalie","US"
"Andrew","US"
"Brian","CA"
"Brianne","CA"
"Andrew","US"
"Bruce","CA"
"Kai","NO"
"Steven","IE"
"Peter","AT"
"Ke","US"
"Mari","JP"
"Kieran","GB"
"Rex","AU"
"Arnt","NO"
"Hendrik","NO"
"David","US"
"Heli","FI"
"Sam","SE"
"Zalika","US"
"James",NA
"Alexandra","GB"
"Jessica","GB"
"Ryan","US"
"John","US"
"Clinton",NA
"Linus","DE"
"José","HK"
"Luke","CA"
"Marcus","US"
"Paul","GB"
"Danette",NA
"Rasheedah","US"
"Paul","US"
"Daniel","US"
"Magdalena","AT"
"Jennifer",NA
"Maximilian","AT"
"Johannes","FI"
"Martin","FI"
"Kim","FI"
"Neil","US"
"Eyram","BE"
"Xorlali","GH"
"Anja","NO"
"Liz","AU"
"Aleisha","NZ"
"Antoine","US"
"Jan-Peter","GB"
"Samuel","CN"
"Christina","US"
"Alex","US"
"Elina","FI"
"Mikkel","US"
"Pedro","GB"
"Elliott","US"
"Meryl","US"
"Claudia","US"
"Elissa","US"
"Antonella","IT"
"Johann","IT"
"Ruthie","US"
"Henry","NZ"
"Mark","CA"
"Johannes","DE"
"Jan","DE"
"Katharina","DE"
"Niklas","DE"
"Heiko","DE"
"Maarit","FI"
"Antti","FI"
"Pedro","PT"
"Sydney","DE"
"Eric","US"
"Kristin","NL"
"Nora","NL"
"Claudia",NA
"Dan","US"
"Matthias","BE"
"Kavita","US"
"Kara","US"
"Jelena","FI"
"Emília","HU"
"John","US"
"Caleb","DE"
"Philipp","AT"
"Paul","GB"
"Nick","GB"
"Anthea","US"
"Jess","US"
"Philip","MT"
"Renè","MT"
"Robin","DE"
"Maxine","DE"
"Julia","DE"
"Tim","DE"
"Joseph","US"
"Jérémie","GB"
"Fabian","AU"
"Catherine","AU"
"Virginia","US"
"Donna","US"
"Zack","NO"
"Alex",NA
"Alison","US"
"Eddy","US"
"Lloyd","CA"
"Matthew","US"
"Bernhard","AT"
"Paul","GB"
"John","AU"
"Younghoon","KR"
"Joseph","US"
"Stephanie","GB"
"Jan-Peter","GB"
"Mark","GB"
"V.","US"
"Mischa","SE"
"Claire","US"
"Nora","NL"
"Kristin","NL"
"Mathew","GB"
"Richard","GB"
"Mel","US"
"Marc","ZA"
"Adam","GB"
"Craig","GB"
"Patrycja","GB"
"Sarah","US"
"Vince","US"
"Marco","DE"
"Danqing","CN"
"J.",NA
"Franklyn",NA
"Joel","US"
"André","AT"
"Kai","AT"
"Dave","NZ"
"Justin","NZ"
"Angelique","NZ"
"Kostas","GR"
"Yannis","GR"
"Mathijs","NL"
"Erin","US"
"Loren",NA
"Lauren",NA
"Gayle",NA
"Bradley","GB"
"Dana","US"
"Ayo","NE"
"Jeff","NZ"
"Pat","AU"
"Julia","US"
"Patrick","GB"
"Frederick","US"
"Nathanel","CN"
"Lyndon","GB"
"Cristian","AU"
"Andrea","AU"
"Paul","GB"
"Ilaria","IT"
"Elisha","ID"
"Jack","US"
"Keith","GB"
"Adrian","GB"
"Gonzalo","AU"
"Dan","AU"
"Raúl","AU"
"Catherine","AU"
"Andy","AU"
"Ben","AU"
"Ian","AU"
"Jelena","FI"
"Miles","US"
"Giacomo","FI"
"Daniele","IT"
"Alex","GB"
"James","IE"
"Alyssa","CA"
"Juliana","US"
"Anders",NA
"Esther","GE"
"Abigail","GE"
"Andrew","GE"
"Erik","US"
"Luiz","GE"
"Rebecca","US"
"John","GB"
"Ola","NO"
"Bård","NO"
"Paul","CA"
"Daniel","AU"
"Alena","US"
"Ian","GB"
"Andrea","GE"
"Emilia","HU"
"Agnes","HU"
"L.","US"
"Ricardo","PT"
"Patrice","US"
"Hannah",NA
"David","AU"
"Jacqueline","US"
"Raychl","US"
"Landon","US"
"Gabriel","BR"
"Nicolas","BR"
"Herb","JP"
"Latoya","GB"
"Kamila","PL"
"Kate",NA
"Ailbhe","IE"
"Bryan","US"
"Owen","GB"
"Molly","GB"
"Jonathan","US"
"Ian","US"
"Elliot","GB"
"Vicky","HK"
"Ambre","US"
"Maria","CY"
"Kamila","GB"
"Iñigo","ES"
"Maria","PT"
"Donald","US"
"José","US"
"Mario","DE"
"Melanie","NL"
"De","US"
"Zachary","US"
"Kamilah","US"
"Robert","US"
"Rafael","CO"
"Samuel","CO"
"Juan","CO"
"Jill-Ann","GB"
"Clarence","GB"
"Rachel-Ann","GB"
"Keir","GB"
"C.","US"
"Robyn","GB"
"Natasha","GB"
"Miles",NA
"Manuel","NL"
"Kristin","NL"
"Marco","PT"
"Joanna","US"
"Tilman","GB"
"Lambros","GB"
"Philip",NA
"Raquel","GB"
"Patrick","US"
"Oded","IL"
"James","GB"
"Jeppe","DK"
"Carol","US"
"Håvard","NO"
"Hendrik","NO"
"David","GB"
"Lachlan","AU"
"Adam","GB"
"Ben","CA"
"Mark","US"
"Martin","FI"
"John","GB"
"Linus","DE"
"John","KR"
"Abenaa","GB"
"Lorena","US"
"Laura","IE"
"Clementine","CA"
"Kellie",NA
"Rebekah",NA
"Michael","US"
"Shuhei","JP"
"Yusuke","JP"
"Brittnay","US"
"Elodie","GB"
"Xinjie","CN"
"Klisala","DK"
"Morgan","CA"
"Samson","US"
"Jacob","US"
"Anjuli","US"
"Georgina","GB"
"Sarah","CA"
"Lauron","US"
"Juan","AT"
"Josh","CA"
"Georgina","GB"
"Andreas","IE"
"Christi",NA
"Veronika","SE"
"Sophie","AU"
"Martin","AU"
"Bjørn","AU"
"Luísa","PT"
"Andrew","AU"
"Adrian","AU"
"Justin",NA
"Monique","US"
"Myoung-Sun",NA
"Marina","ES"
"María","ES"
"Stanley","US"
"Zack","NO"
"Michael",NA
"Orlaith","IE"
"Christin","US"
"Russell","US"
"Lee","GB"
"Martha","GB"
"Samuel","PA"
"Alyssa","US"
"Ian","CA"
"Aaron","US"
"David","NE"
"Quintina","GE"
"Nzewi","US"
"Delia","IT"
"Charlotte","AU"
"Sebastian","AU"
"Simone",NA
"Juliana",NA
"Simone",NA
"Petr","CZ"
"Leonard","US"
"Norma",NA
"Artur","PL"
"Sophie","EG"
"Susan","GB"
"Alison","GB"
"Chris","GB"
"N.","US"
"Anne","NO"
"Mats","NO"
"Ragnhild","NO"
"Bjornar","NO"
"Kjetil","NO"
"Nick","NZ"
"Carol",NA
"Cesare",NA
"Justin",NA
"Aubrey",NA
"Veronika","SE"
"Mina","US"
"Nick","GB"
"Fiona","CA"
"Dan","US"
"Ryan","US"
"蒋玉涵","GB"
"Kai","NO"
"Tyler","US"
"Miriam",NA
"Joshua",NA
"Eirik","NO"
"Andreas","NO"
"Artur","PL"
"Parichat","US"
"Richard","GB"
"Walton",NA
"Matthew","TH"
"Thanyavee","TH"
"Francesca","IT"
"Ian","US"
"Mimi","GB"
"Bethany","GB"
"Felix","DE"
"Aidan","GB"
"Amy","GB"
"Wonseok","US"
"Grace","US"
"Anastassiya","US"
"Matthew","NZ"
"Morgan",NA
"Kate",NA
"Amy",NA
"Stacey","NL"
"Joseph","GB"
"Hussein","GB"
"Alyxandra","US"
"Carmen","US"
"Armin","US"
"Khalil","US"
"Kristina","US"
"Riki","NZ"
"Ethan","US"
"Adrian",NA
"Dave","GB"
"Julie",NA
"Kurt","CA"
"Jason","CA"
"Stefan","CA"
"Kate","US"
"Simone",NA
"João",NA
"Kimberly",NA
"Jonathan",NA
"Leila","US"
"Alex","GB"
"Tessa","NZ"
"Artur","PL"
"Claire","CA"
"Tom","GB"
"Marta","PL"
"Jason","IN"
"Douglas","CA"
"Carlos",NA
"J.",NA
"Emmalouise","US"
"Tessa","GB"
"Jenna","GB"
"Megan","US"
"Javier","US"
"Raina","US"
"Nathan",NA
"Donna","AU"
"Leah","AU"
"Jacob","US"
"Tessa","BE"
"Maria","CY"
"Yiannis","CY"
"Lauren","SE"
"Michael","GB"
"Burcu","TR"
"Taylor","US"
"Jan","CZ"
"Ben","CA"
"Chris","DE"
"Florian","DE"
"Colomba","CA"
"Jacob","CL"
"Kelly","US"
"Jonathan","US"
"Tobias","SE"
"Barak","IL"
"Lee","GB"
"Monika","DE"
"Mazha","IN"
"Sudipta","IN"
"Mayam","IN"
"Andreas","NO"
"Jan-Peter","GB"
"Katherine","NO"
"Ingrid","GB"
"Simon","GB"
"Qian","CN"
"L.","GB"
"Joanna","GB"
"Kavita",NA
"Laura","CL"
"Moses","GH"
"Laryea","CA"
"Pyar",NA
"Adam","GB"
"Katherine","GB"
"John","SE"
"Marco","PT"
"Patricia","US"
"Christopher","US"
"Juliana","US"
"Inka","FI"
"Robin",NA
"Sébastien","FR"
"Brian","US"
"Garth","US"
"Joseph","GB"
"Keith",NA
"Ozan","TR"
"Emrah","TR"
"Hakan","TR"
"Anna","HU"
"Ádám","HU"
"Alaba","US"
"Benjamin","AU"
"Aleš","CZ"
"Julia","US"
"Marit","NL"
"Thomas","NL"
"Jenessa","GB"
"Ruth","US"
"Anna","US"
"Elsa","FR"
"Julia","US"
"George","CA"
"Richard",NA
"Thorsten","DE"
"Behrang","CA"
"Emília","HU"
"Ágnes","HU"
"Máté","HU"
"Jo","US"
"David","GB"
"Francesca","US"
"Claire","BG"
"Emily","US"
"Ofer",NA
"Nili",NA
"Alexandra","NL"
"Diane","AU"
"Amanda","GB"
"Cameron","CA"
"Alexandra","US"
"Peter","DE"
"David","GB"
"D.","GB"
"Cynthia","US"
"Katri","FI"
"Marja-Leena","FI"
"Diane","AU"
"Julian","AU"
"Isabella",NA
"Keith",NA
"Ozan","TR"
"Genevieve","US"
"Fiamma","IT"
"Peter","IT"
"Shana",NA
"Derek",NA
"Joshua",NA
"Maya",NA
"Matthew",NA
"Juno",NA
"Barbara","GB"
"Ryan","US"
"Fabien","US"
"Guangbin","AU"
"Dave","US"
"Håvard","NO"
"Kristine","DK"
"Katrine","DK"
"Liang","DE"
"Jonathan","AU"
"Colin","AU"
"Michael","US"
"Yiu-Wai","HK"
"Ajitpaul","US"
"Sarah","US"
"Marshall","US"
"Jamie","US"
"Jonathan",NA
"Anelise",NA
"Roland","AT"
"Pablo",NA
"Carlos","US"
"Pat","AU"
"Xawery","PL"
"Samantha","GB"
"Rosie","AU"
"Sam","AU"
"Marek","NL"
"Yves","CH"
"Ondřej","CZ"
"Jakub","CZ"
"Phineas","ZA"
"Tiao","US"
"Clint","US"
"Alexandrine",NA
"Ben","AU"
"Marc","MT"
"Jason","US"
"Joseph","ZA"
"Pavel","CZ"
"Ivan","CZ"
"Rudolf","CZ"
"Miroslav","CZ"
"Carsten","DE"
"Michael","DE"
"Abhishek","IN"
"Patrick","SG"
"Xin","MY"
"Jeremy","SG"
"Adil","MY"
"Rami",NA
"Jan-Peter","GB"
"Mark","GB"
"Nicola","AU"
"Hannah","AU"
"Oliver",NA
"Martina","US"
"Marta","PL"
"Georgina",NA
"Andrew",NA
"Gabrielle","GB"
"Monika","DE"
"Aditi",NA
"Matt","US"
"Massimiliano","IT"
"Riccardo","IT"
"D.","TW"
"Benjamin","DE"
"Guangbin","AU"
"Becky",NA
"Juliet","US"
"Benjamin","US"
"Richard","GB"
"Max",NA
"Jacob",NA
"Andrew","AE"
"Sanghwa","NL"
"Robert","GB"
"Geoffrey",NA
"Monika","PL"
"Mariusz","PL"
"Ricardo","CL"
"Eleanor","GB"
"Jane","ZA"
"John","GB"
"Ben","BE"
"Frederik","BE"
