"Name","Gender"
"Jillian","female"
"Maeve","female"
"Danuta","female"
"Minji","female"
"Hedy","female"
"Dragana","female"
"Jacquelyn","female"
"Ragnhild","female"
"Yayoi","female"
"Noriko","female"
"Lindee","female"
"Adelaida","female"
"Mikyung","female"
"Juniper","female"
"Meilu","female"
"Evropi","female"
"Mellonee","female"
"Karishmeh","female"
"Boudina","female"
"Moriah","female"
"Charulatha","female"
"Orit","female"
"Kyoko","female"
"Kalene","female"
"Siv","female"
"Hae-Kyung","female"
"Hyunji","female"
"Mervi","female"
"Volha","female"
"Seung-Ah","female"
"Arianne","female"
"Fredara","female"
"Walescka","female"
"Sonjah","female"
"Jill-Ann","female"
"Myoung-Sun","female"
"Quintina","female"
"Nili","female"
"Anelise","female"
"Aditi","female"
"Arved","male"
"Aleksandar","male"
"Kirill","male"
"Jacek","male"
"Ditlev","male"
"Hamish","male"
"Morteza","male"
"Tommaso","male"
"Yonatan","male"
"Jairo","male"
"Bjørnar","male"
"Eytan","male"
"Omer","male"
"Yoel","male"
"Toru","male"
"Mats","male"
"Oǧuz","male"
"Sviatoslav","male"
"Jeffers","male"
"Albrecht","male"
"Tellef","male"
"Kassomo","male"
"Tsan-Huang","male"
"Vasilis","male"
"Gianmario","male"
"Yosef","male"
"Rajan","male"
"Hainian","male"
"François-Xavier","male"
"Sunbin","male"
"Wai-Chung","male"
"Hao","male"
"Yngvar","male"
"Kembrew","male"
"Shuhei","male"
"David-Emil","male"
"Yiu-Wai","male"
"Wing-Wah","male"
"Halifu","male"
"Gustavus","male"
"Botond","male"
"Graley","male"
"CedarBough","male"
"Steacy","male"
"Nathanel","male"
"Anders","male"
"Luiz","male"
"Cesare","male"
"蒋玉涵","male"
"Walton","male"
"Ofer","male"
"Guangbin","male"
"Rami","male"
"Sanghwa","male"
"Ronit","uncertain"
"Rhae","uncertain"
"Zhuqing","uncertain"
"Hyun","uncertain"
"Carmel","uncertain"
"Regula","uncertain"
"Shersten","uncertain"
"Leeman","uncertain"
"Kailan","uncertain"
"Thokozani","uncertain"
"Haiganuş","uncertain"
"Ji-Young","uncertain"
"Chitravina","uncertain"
"Xieyi","uncertain"
"Wing","uncertain"
"Kiri","uncertain"
"Pi-Yen","uncertain"
"Klisala","uncertain"
"Shzr","uncertain"
"Ching-Wah","uncertain"
"Laur","uncertain"
"Mofang","uncertain"
"Yi-Cheng","uncertain"
"Liew","uncertain"
"Reebee","uncertain"
"Letrez","uncertain"
"Court","uncertain"
"Deforia","uncertain"
"Emaeyak","uncertain"
"Kyong","uncertain"
"Laryea","uncertain"
"Pyar","uncertain"
